,A1,A2,A3,A7,A8,A9,A4,A5,A6,A10,A11,A12,B1,B2,B3,B4,B5,B6,B7,B8,B9
0,160,160,178,466,560,562,7,10,5,29,20,15,49,43,45,88,86,71,44,71,340
29,160,160,164,1182,1522,1437,12,14,10,21,14,28,60,47,54,87,86,94,76,110,382
61,152,153,170,2584,2857,2875,18,7,11,20,17,28,48,56,58,90,103,77,111,155,462
92,165,173,185,3979,4682,4421,22,10,9,18,22,20,56,61,45,90,102,101,152,204,528
123,185,165,176,5735,6595,6353,19,20,10,17,15,21,58,48,52,108,104,101,175,247,550
154,167,152,197,7745,8593,8196,31,20,14,21,16,26,56,65,65,114,103,118,241,318,665
185,161,190,193,10016,10652,10385,37,16,14,26,31,21,58,67,74,140,133,126,274,367,764
216,178,174,189,12399,12790,12383,36,20,15,26,17,23,59,68,60,153,166,149,347,418,830
247,169,181,223,14467,15312,14985,48,16,17,21,23,20,65,76,50,147,150,151,409,490,881
278,165,177,202,16662,17500,17019,51,23,22,22,25,22,71,63,64,151,169,170,443,555,955
309,175,169,223,19210,19982,19472,50,22,18,26,25,19,62,73,73,153,183,164,521,655,1010
340,178,187,261,21535,22541,21793,60,28,25,26,29,19,72,70,71,172,200,178,563,676,1110
371,168,186,240,24044,24552,24130,69,23,22,20,17,25,66,60,96,185,201,205,608,786,1145
402,184,192,254,26306,26914,26359,81,26,26,23,33,29,73,63,81,198,202,187,658,822,1262
433,199,186,263,29049,29467,28674,88,25,28,26,21,26,68,52,82,206,209,221,722,862,1319
464,172,191,268,31449,32039,31181,104,34,32,36,18,32,77,75,88,218,251,224,772,957,1374
495,177,166,281,34040,34281,33447,94,30,38,28,31,33,75,66,84,228,223,237,851,1003,1426
526,192,177,276,36205,36767,36190,88,31,39,23,22,29,69,79,88,223,251,224,839,1082,1594
557,194,194,296,38803,39141,38153,107,47,44,21,17,24,72,81,75,276,278,276,885,1143,1650
588,179,198,313,41019,41255,40694,109,47,35,27,26,22,82,78,101,267,279,244,984,1213,1685
619,196,206,315,43677,43834,42721,121,46,57,33,24,22,88,88,87,270,282,259,1030,1239,1832
650,204,186,313,46108,46544,44930,115,52,47,26,21,23,92,96,117,285,318,268,1080,1337,1870
681,215,193,334,48538,48844,47351,135,45,34,24,23,33,84,81,113,296,309,273,1194,1393,1910
712,199,213,338,50789,51271,49752,149,62,35,32,24,22,91,98,94,291,333,306,1141,1508,1973
743,187,189,361,53018,53203,51881,156,59,48,29,30,24,95,85,100,312,338,314,1251,1499,2113
774,173,207,343,55503,55768,54583,141,45,52,31,23,21,82,83,117,308,333,309,1263,1523,2155
805,194,204,351,57982,58165,56777,159,58,49,24,29,27,90,85,109,340,351,323,1368,1641,2257
836,191,183,375,60363,60211,58612,163,46,47,33,23,35,79,100,125,354,341,336,1375,1730,2424
867,176,198,351,62672,62197,61017,163,59,52,37,22,29,77,107,113,380,382,366,1448,1815,2413
898,198,214,339,64920,64858,63009,169,64,54,31,25,32,103,110,112,370,373,345,1488,1875,2363
929,210,195,359,66907,66727,65246,177,59,50,23,29,32,105,115,137,384,401,358,1502,1889,2515
960,202,219,368,69325,68987,67482,175,62,67,41,31,38,105,99,109,401,408,383,1581,1970,2602
991,205,221,406,71251,71411,69722,183,71,62,27,35,22,104,94,136,395,409,396,1586,2072,2659
1022,180,185,412,73537,73198,72110,179,58,55,30,22,39,96,106,122,411,416,409,1676,2022,2654
1053,200,207,393,75670,76063,73548,213,63,69,34,21,30,117,80,125,429,390,403,1759,2166,2792
1084,208,223,408,78495,77606,75786,204,69,64,30,26,26,103,100,137,405,458,399,1791,2139,2780
1115,232,212,383,79831,80202,77835,192,77,67,29,35,26,116,103,138,408,420,413,1798,2225,2900
1146,206,208,450,82126,82130,79520,234,65,67,26,38,33,118,100,135,421,437,432,1849,2335,2974
1177,207,210,435,84177,83804,82025,233,81,86,30,31,28,101,95,140,452,428,454,1919,2376,3010
1208,246,198,430,86039,85960,83922,221,73,70,27,24,33,118,103,145,463,460,433,2014,2334,3111
1239,191,217,439,88671,87806,85719,216,88,70,29,37,33,106,115,145,453,496,452,2000,2434,3104
1270,229,206,441,90781,89516,88019,252,105,76,31,27,35,120,103,147,470,523,457,2060,2492,3244
1301,201,213,447,92823,91128,89950,268,79,70,37,25,33,105,104,159,496,500,466,2026,2619,3266
1332,226,206,460,94534,93556,91718,263,82,82,33,33,35,117,109,149,469,534,471,2080,2607,3327
1363,219,214,481,96254,95765,93435,234,78,89,32,31,28,117,124,145,503,547,507,2173,2626,3468
1394,184,220,458,98441,97451,95395,242,100,77,34,35,36,129,126,158,507,558,519,2225,2736,3458
1425,232,204,455,100012,99039,97375,276,84,68,35,20,37,96,100,147,509,551,493,2252,2762,3607
1456,209,210,473,102584,101212,98993,265,91,91,28,33,30,115,115,162,552,556,520,2210,2822,3539
1487,229,204,483,104458,102562,100574,289,98,81,31,29,41,117,113,164,494,540,522,2313,2834,3717
1518,212,215,473,105720,105092,102495,276,92,88,28,31,35,123,124,152,504,564,525,2362,2974,3848
1549,238,214,494,107617,106803,104632,291,88,77,32,31,34,122,120,172,526,539,536,2345,3020,3698
1580,201,226,491,110141,108471,106160,306,103,89,29,39,33,122,141,182,547,600,539,2451,3063,3874
1611,219,219,505,111690,110226,107599,304,94,96,26,31,32,136,126,181,570,587,585,2540,3099,4013
1642,198,198,499,113250,112010,109998,304,103,92,34,27,36,125,122,151,562,618,557,2443,2994,3904
1673,232,216,505,115105,113367,110898,287,108,86,24,33,26,133,129,189,587,608,522,2613,3226,3935
1704,221,230,552,116602,115986,112916,311,113,102,37,29,33,120,111,182,595,560,589,2641,3181,4005
1735,200,208,566,118309,117428,114713,310,93,88,38,29,31,120,134,167,556,585,593,2620,3250,4142
1766,224,225,531,120491,118824,116032,301,108,84,31,33,33,134,142,173,573,658,587,2707,3287,4265
1797,235,211,521,121868,120411,117286,299,109,98,39,38,37,136,123,170,601,636,609,2727,3321,4177
1828,198,228,525,123723,122618,119572,311,108,103,33,28,32,143,134,160,643,638,586,2688,3497,4360
1859,206,208,515,125402,123828,121200,310,106,98,29,32,42,139,132,178,595,636,603,2773,3429,4327
1890,194,204,546,126890,124974,122700,316,98,90,34,28,34,147,124,186,618,626,579,2798,3501,4424
1921,213,198,534,128061,126920,124498,329,103,107,30,41,20,134,147,166,603,650,619,2850,3507,4345
1952,233,220,554,130694,128386,125622,349,113,106,39,29,42,120,143,171,625,676,640,2864,3471,4464
1983,213,200,572,131355,129807,126925,316,117,109,38,35,45,128,160,177,660,684,601,2950,3489,4496
2014,241,230,570,133367,131257,128865,359,112,96,33,36,32,156,128,183,659,682,638,2991,3679,4631
2045,206,234,562,135256,133024,130117,348,105,113,41,35,32,134,146,177,680,670,593,3042,3672,4674
2076,227,226,595,136567,134591,131681,337,126,113,48,34,37,139,133,182,670,735,695,3093,3819,4686
2107,221,230,585,138311,136748,132773,373,114,102,37,33,29,139,132,172,684,726,676,3026,3789,4728
2138,217,219,603,139550,138079,134703,367,120,114,30,33,33,120,127,206,711,695,655,3044,3881,4746
2169,213,227,557,141133,138904,136590,392,116,115,42,41,34,139,158,185,676,679,661,3167,3923,4932
2200,237,233,604,143296,140924,137404,398,130,108,35,24,37,146,128,192,730,682,675,3129,3987,4884
2231,198,223,532,143856,141186,139700,348,124,103,28,42,32,134,138,198,691,746,671,3287,3963,4970
2262,211,210,600,145672,143348,140353,393,115,108,25,31,33,182,132,193,724,769,705,3145,3962,4965
2293,201,225,608,146965,144697,141905,335,125,109,39,29,36,135,146,187,713,756,717,3228,4026,5110
2324,231,222,572,148791,146421,144010,370,125,106,37,35,33,146,160,207,730,785,680,3242,4007,4942
2355,252,236,610,149725,147539,144353,387,128,131,34,35,22,170,162,196,739,756,676,3368,3985,5121
2386,218,232,616,151198,149025,145686,365,123,122,40,31,31,151,136,185,725,753,733,3315,4014,5184
2417,232,226,625,152550,150326,147909,371,134,108,50,33,44,154,159,193,702,746,758,3349,4123,5276
2448,215,206,628,153966,151654,148687,403,121,126,43,30,36,151,153,194,702,768,764,3409,4348,5370
2479,238,216,616,155388,153483,150208,433,134,117,41,34,31,158,159,190,754,786,712,3501,4164,5250
2510,217,236,627,156698,154046,151363,399,139,125,35,34,45,144,155,195,765,769,736,3453,4248,5412
2541,213,227,646,158567,156380,152573,423,130,109,34,45,32,138,153,192,771,810,748,3527,4297,5334
2572,237,223,625,159168,156717,153806,392,128,118,29,45,36,175,132,187,763,849,793,3482,4330,5453
2603,225,217,595,160577,158660,154852,435,131,139,32,31,37,162,167,194,729,787,764,3568,4367,5550
2634,227,215,640,161583,160568,156576,399,125,124,32,45,41,168,157,196,801,805,774,3619,4375,5578
2665,229,239,669,163640,160818,157702,399,139,122,43,40,43,170,153,202,818,809,750,3573,4456,5654
2696,212,221,623,164780,162293,158871,419,146,120,41,35,40,153,177,216,771,824,759,3664,4510,5633
2727,232,243,641,166117,163859,160107,427,131,132,35,37,39,151,164,186,754,841,775,3662,4533,5652
2758,214,242,657,167666,164581,160804,435,136,108,28,39,35,151,158,208,816,837,822,3728,4556,5781
2789,238,234,691,168870,166649,162642,427,135,123,38,31,41,159,164,220,792,862,775,3698,4642,5708
2820,222,238,629,169476,166648,163450,426,136,149,31,42,50,151,128,204,773,894,790,3819,4547,5809
2851,214,232,653,170990,168393,164874,429,153,145,35,41,41,162,176,217,811,853,802,3781,4653,5844
2882,256,239,657,172271,169512,165854,412,140,140,37,48,41,159,165,217,771,828,794,3836,4714,5975
2913,249,225,693,173216,170729,167435,440,154,130,39,36,34,150,164,202,856,854,812,3901,4822,5868
2944,225,252,701,174836,171607,167756,435,139,126,33,41,39,166,189,213,851,875,830,3915,4808,6009
2975,244,217,719,175698,172871,169214,443,165,121,37,35,43,156,166,209,837,866,784,3884,4812,6061
3006,224,236,678,177079,173941,170578,441,158,130,21,29,42,177,162,230,823,923,789,4014,4908,6144
3037,227,250,684,178065,175313,170928,462,152,124,39,29,31,167,147,221,854,899,825,3937,4948,6057
3068,234,232,678,178930,177349,172259,477,152,132,37,38,31,162,155,221,845,918,839,4041,4886,6230
3099,217,234,722,180505,177165,173700,496,144,132,26,30,38,147,179,219,863,913,790,3962,4953,6294
3130,226,242,718,180875,179251,174166,454,162,150,44,36,45,167,165,217,851,940,864,3922,4998,6184
3161,237,223,673,183109,179849,175730,505,167,130,43,46,46,168,163,198,864,889,802,4041,5068,6128
3192,232,219,696,184030,181321,176948,452,141,163,39,43,34,172,159,219,856,874,883,4039,5064,6352
3223,242,226,699,184417,181819,179166,477,166,120,41,42,36,162,179,225,854,919,854,4111,5153,6423
3254,223,231,705,185796,183573,178152,473,150,155,45,38,45,152,168,215,845,923,868,4066,5234,6297
3285,238,241,724,186907,184131,179845,486,153,170,38,45,37,173,163,231,839,901,851,4246,5025,6446
3316,242,248,746,187995,185062,180687,510,162,145,33,35,32,174,166,216,887,943,890,4077,5229,6433
3347,234,239,696,188571,186217,182392,465,172,114,39,36,35,158,166,232,867,949,906,4198,5243,6395
3378,223,223,715,190216,187486,182733,469,150,142,40,40,39,160,178,204,879,946,875,4117,5161,6445
3409,238,242,710,191347,187654,183337,484,153,131,39,33,45,158,179,238,856,915,916,4238,5251,6573
3440,217,258,744,191567,189049,185286,502,159,145,47,38,36,176,164,235,892,974,907,4282,5292,6688
3471,225,244,725,193313,189651,185193,523,141,155,41,34,57,184,165,230,903,963,877,4388,5294,6753
3502,239,230,746,194042,191342,186264,483,166,142,30,33,50,173,182,223,886,992,896,4315,5412,6665
3533,246,246,731,195204,192674,187448,505,162,151,36,48,37,170,184,224,909,968,904,4350,5455,6667
3564,251,215,752,195956,193061,188668,509,159,146,35,42,49,167,160,227,898,927,873,4382,5288,6827
3595,221,202,717,196438,193691,189220,496,170,152,35,38,37,166,177,244,916,950,910,4519,5508,6654
3626,236,221,763,197499,194915,190494,532,170,145,41,33,35,196,153,230,945,953,879,4394,5514,6821
3657,210,242,749,198813,196258,191207,525,177,168,42,41,37,176,186,263,966,1006,900,4455,5622,6760
3688,221,240,736,199827,196648,192233,524,170,150,37,38,54,177,187,236,880,989,947,4449,5614,6844
3719,230,244,754,200562,198337,193515,519,164,145,36,45,39,166,198,238,970,1023,940,4422,5526,6768
3750,251,213,752,201345,199039,193752,521,157,156,38,47,48,172,211,234,914,1032,924,4547,5656,6903
3781,242,238,718,202052,199753,194417,502,181,137,34,47,50,184,197,235,943,987,934,4602,5554,6931
3812,266,237,752,203282,200635,195900,509,174,150,45,43,34,175,195,257,899,1010,966,4523,5574,6887
3843,230,261,777,204163,201353,196443,535,172,166,32,40,41,189,175,248,953,976,915,4521,5608,7062
3874,270,227,758,204478,201686,197311,537,188,163,31,33,43,181,185,227,917,953,942,4636,5644,7040
3905,230,259,716,206194,202962,198707,539,200,145,42,45,45,162,158,272,973,1018,963,4608,5744,7084
3936,239,242,760,206787,203730,198877,470,177,134,33,37,42,181,167,231,1013,1005,959,4555,5625,7145
3967,214,257,788,207738,205005,199318,511,187,156,45,46,45,179,177,243,964,1009,924,4678,5828,7073
3998,237,223,746,208507,204684,200903,535,180,147,31,44,45,177,182,248,978,1036,953,4676,5838,7085
4029,237,217,781,209538,206502,201098,525,176,173,33,39,42,177,179,245,944,1027,938,4807,5783,7294
4060,240,247,776,210781,206860,201889,509,173,153,43,50,45,230,181,229,1001,1036,983,4682,5901,7103
4091,251,253,806,210626,208398,202655,531,171,150,35,43,45,183,191,242,942,1012,930,4824,5954,7290
4122,202,227,801,211215,208844,203582,560,187,162,47,45,41,181,181,250,1008,1033,997,4814,6004,7435
4153,238,235,825,213188,210268,205003,556,166,150,30,34,41,202,167,263,972,1040,924,4689,5813,7268
4184,242,235,777,213296,210788,204908,521,171,160,33,48,40,181,190,249,972,1025,990,4754,6088,7302
4215,253,230,813,214404,210826,205816,563,173,161,39,32,39,206,207,265,983,1027,995,4888,5956,7532
4246,227,242,776,215119,212354,206604,548,178,162,42,49,40,194,187,218,1005,1037,989,4850,6182,7506
4277,212,249,784,215588,212208,207116,536,189,181,41,47,48,210,193,237,1019,1040,933,4867,5888,7584
4308,233,230,811,216591,213208,208336,538,198,160,37,34,46,201,194,245,1044,1099,951,4902,5954,7459
4339,242,242,812,216196,213875,208365,557,187,166,41,43,41,190,181,255,1036,1044,1006,4869,6006,7556
4370,238,250,755,218084,214518,209272,487,175,170,40,45,48,161,195,234,1027,1087,1000,5038,6254,7641
4401,255,239,782,219011,215897,210355,524,186,153,36,38,35,194,206,227,1000,1093,1000,4964,6048,7580
4432,249,237,760,219527,216600,210376,591,182,145,32,37,44,191,200,263,1017,1067,1037,4910,6084,7626
4463,242,240,832,220850,216291,211111,562,180,179,43,39,35,194,197,228,1026,1065,1012,4857,6183,7660
4494,240,246,794,220773,217452,211061,534,190,181,31,37,42,195,189,242,1042,1104,963,5111,6156,7607
4525,246,237,756,221754,218938,212140,562,170,165,48,31,33,162,185,251,1032,1071,972,5050,6110,7785
4556,231,258,749,222060,218849,212160,557,198,167,40,46,39,196,179,253,993,1103,993,5029,6196,7728
4587,259,236,855,223009,219548,213836,579,186,170,32,45,48,194,200,250,1063,1091,1033,5118,6328,7876
4618,251,240,789,223389,220005,213236,564,187,190,40,41,42,191,196,280,1061,1104,999,5007,6260,7875
4649,226,273,806,224562,220465,214582,558,184,179,43,41,50,198,217,242,1072,1057,1008,5106,6270,7743
4680,261,229,809,224533,221708,215005,557,191,189,37,39,32,182,191,223,1021,1086,972,5036,6268,7816
4711,248,259,841,225450,221582,215839,589,195,168,51,44,40,198,172,255,1025,1070,983,5114,6285,7816
4742,240,234,845,225875,222279,216378,602,187,194,31,48,35,210,210,249,1061,1099,1004,5138,6307,7861
4773,266,276,839,226448,223045,217354,573,180,167,43,36,38,192,232,255,1031,1165,1038,5112,6379,7987
4804,234,257,838,227666,223450,217601,621,205,148,30,40,56,203,192,278,1050,1095,1034,5209,6376,8046
4835,244,249,796,228104,224894,217360,579,206,187,50,40,43,215,200,265,997,1080,1034,5199,6330,8083
4866,237,240,834,229161,224207,218691,610,210,163,38,43,57,194,207,255,1063,1119,987,5117,6372,8103
4897,243,264,808,229224,225681,219623,580,164,162,52,39,43,211,198,260,1086,1129,1025,5205,6465,8029
4928,232,238,813,230328,225056,219994,562,196,146,40,30,41,206,179,263,1069,1123,1037,5202,6493,8094
4959,259,246,840,230595,225818,219814,576,189,172,43,48,50,191,186,249,1101,1112,1112,5235,6518,8047
4990,263,246,851,231126,226826,220746,591,214,187,38,38,42,200,209,251,1088,1088,1076,5237,6481,8216
5021,257,257,833,232037,227213,220734,547,187,188,47,41,40,189,193,255,1065,1139,1032,5213,6566,8093
5052,246,246,814,231964,228353,222195,619,203,172,43,37,37,200,189,249,1091,1077,1100,5252,6662,8088
5083,263,252,859,232815,228937,221988,619,221,174,45,50,56,206,206,246,1069,1133,1067,5360,6542,8266
5114,246,244,849,233210,228524,223260,589,176,171,35,47,37,196,194,272,1048,1185,1060,5307,6594,8332
5145,253,270,800,234034,229942,222699,566,183,162,39,38,43,217,211,259,1071,1107,1091,5321,6576,8188
5176,244,249,830,235640,229621,224212,608,198,178,37,54,35,204,201,266,1101,1141,1006,5360,6604,8217
5207,233,237,834,235068,231179,223952,596,213,172,39,37,39,204,196,272,1054,1113,1059,5351,6640,8271
5238,241,255,877,235713,231245,224287,570,185,182,31,49,46,219,191,255,1089,1167,1081,5406,6480,8340
5269,232,259,813,236366,231130,225780,603,199,170,41,39,46,183,203,271,1093,1140,1078,5531,6643,8407
5300,247,245,827,236572,231700,225436,604,219,187,37,49,45,204,204,257,1087,1167,1129,5366,6728,8393
5331,241,243,833,238043,233118,226283,595,190,177,37,39,40,218,221,261,1088,1191,1092,5434,6528,8460
5362,264,268,858,238324,233621,226297,591,202,191,43,38,51,204,201,254,1107,1148,1037,5370,6667,8339
5393,265,229,856,238486,233776,226207,604,182,201,39,48,51,204,216,265,1131,1154,1050,5410,6838,8466
5424,226,276,845,238414,233790,227873,591,191,182,36,50,41,200,201,255,1069,1112,1064,5317,6867,8487
5455,242,234,850,240109,234276,228438,579,214,199,43,37,42,219,201,268,1097,1154,1100,5537,6692,8541
5486,259,240,886,239807,234790,227384,599,210,185,40,58,41,201,204,281,1116,1139,1077,5454,6753,8386
5517,254,242,835,239855,235556,228601,620,191,179,41,43,44,233,236,266,1114,1150,1139,5441,6707,8471
5548,252,261,886,240641,235894,228200,613,208,181,37,45,50,206,212,234,1167,1177,1082,5464,6625,8486
5579,229,253,869,241266,236614,229562,585,206,164,37,44,41,208,198,258,1137,1177,1099,5489,6853,8692
5610,257,242,873,242566,237006,229483,608,209,189,32,43,48,194,194,248,1158,1160,1072,5362,6780,8608
5641,261,240,864,242186,237174,230403,593,204,206,38,44,51,202,230,248,1102,1175,1112,5386,6703,8579
5672,230,252,861,242240,238085,230600,643,213,188,33,44,45,198,206,280,1129,1181,1099,5605,6857,8640
5703,242,259,798,242775,238145,230438,601,207,170,38,33,43,211,217,264,1141,1137,1103,5527,6918,8745
5734,232,242,910,243071,238216,230797,638,209,183,37,39,53,198,204,260,1127,1201,1050,5558,6917,8714
5765,246,261,853,244153,238600,231214,588,225,183,35,46,38,202,219,271,1097,1131,1095,5586,6886,8765
5796,251,236,841,244387,239262,231900,608,185,190,35,43,54,210,227,281,1099,1228,1073,5661,6984,8741
5827,263,241,895,243608,239311,231658,665,213,189,37,41,47,186,209,241,1111,1175,1110,5620,6933,8659
5858,251,243,864,244289,239351,232545,577,201,196,29,52,50,194,212,251,1139,1178,1100,5666,6993,8808
5889,254,246,853,244587,240793,232557,643,199,199,45,50,34,210,196,270,1124,1200,1116,5729,7065,8688
5920,248,244,877,245405,240844,233106,610,190,190,45,42,38,206,201,263,1142,1189,1092,5647,6946,8828
5951,265,256,862,245737,241135,233583,612,220,179,45,46,43,212,208,287,1143,1283,1106,5752,7027,8789
5982,242,255,872,245860,242082,234424,625,208,180,41,39,40,187,227,280,1048,1192,1128,5607,7043,8922
6013,223,237,889,247049,242002,234108,659,196,191,40,44,54,206,224,285,1086,1219,1088,5694,7065,8948
6044,272,236,869,246956,242704,234766,621,223,186,45,39,43,210,219,284,1176,1192,1088,5671,7128,8916
6075,252,258,912,247776,242524,234635,617,202,198,41,43,45,204,217,266,1157,1186,1098,5773,7123,8798
6106,242,274,917,248009,242941,235977,653,194,182,37,52,55,247,227,272,1148,1152,1169,5764,7143,8963
6137,236,245,862,248064,243360,235976,608,211,184,44,38,57,210,217,263,1133,1207,1167,5781,7099,9020
6168,236,256,919,249603,243554,236303,626,204,197,48,45,48,221,227,296,1089,1177,1093,5759,7156,8930
6199,235,238,896,248912,243818,236788,628,225,204,43,49,50,210,205,274,1110,1152,1116,5845,7108,9145
6230,259,240,907,249281,243996,236564,623,214,189,43,51,44,205,219,279,1173,1203,1079,5771,7020,8893
6261,249,251,871,250026,244619,236843,659,208,184,40,41,48,204,206,275,1099,1188,1106,5739,7105,9146
6292,268,226,890,249796,245486,237332,636,227,203,56,46,47,236,218,285,1169,1226,1177,5853,7243,9221
6323,249,261,881,250527,245846,237576,644,188,178,36,36,43,217,214,240,1150,1211,1169,5870,7164,9076
6354,247,251,884,250631,245878,237938,642,200,186,43,41,39,190,220,262,1166,1143,1177,5775,7319,9113
6385,227,227,940,251405,245483,238095,661,208,183,37,44,42,211,224,269,1172,1209,1136,5889,7232,9159
6416,248,259,889,252077,246147,238929,612,193,198,42,50,42,201,226,284,1164,1213,1149,5839,7178,9092
6447,280,238,885,252619,246941,238954,644,218,177,48,39,53,213,229,279,1169,1237,1158,5857,7261,9016
6478,243,248,893,251895,247027,238791,646,211,199,39,46,46,208,197,279,1181,1234,1138,5925,7368,9229
6509,261,244,843,252400,246872,238280,646,191,187,42,56,56,226,227,266,1201,1232,1151,6002,7234,9256
6540,271,257,891,252232,247713,240009,659,204,186,44,48,51,207,219,274,1182,1197,1186,5873,7314,9322
6571,253,257,835,253306,247991,240480,653,215,204,39,36,45,221,219,273,1146,1213,1186,5980,7357,9130
6602,251,269,881,253404,247016,240597,627,218,205,39,49,51,206,215,286,1162,1277,1160,5907,7516,9408
6633,239,267,878,254227,248168,240321,587,210,189,39,45,47,204,231,272,1148,1243,1171,6066,7298,9295
6664,255,265,859,253795,248524,240982,613,219,196,41,46,35,206,218,274,1097,1258,1201,5844,7253,9342
6695,244,254,911,254932,248637,241095,655,204,187,36,56,43,213,230,293,1156,1240,1153,5982,7449,9299
6726,253,240,896,254993,249289,241016,657,200,197,51,40,45,209,202,289,1161,1239,1159,5988,7364,9259
6757,267,260,901,255116,249237,241764,688,223,213,39,48,49,227,208,270,1185,1268,1177,5951,7376,9346
6788,278,264,885,255419,249111,241984,653,204,186,43,43,48,219,227,281,1143,1198,1129,5967,7395,9454
6819,260,249,887,255654,250051,241959,670,207,208,43,56,45,206,215,274,1225,1217,1198,6018,7521,9556
6850,270,236,912,256017,250171,241986,646,206,189,40,39,48,208,229,275,1192,1286,1127,6004,7358,9441
6881,261,278,915,255769,250446,241828,651,206,207,33,43,51,223,218,292,1169,1234,1197,5980,7380,9301
6912,235,247,909,256680,251088,242555,644,191,191,47,43,48,209,202,303,1173,1203,1208,6030,7485,9491
6943,255,234,920,257202,250979,243082,659,224,202,37,41,48,213,241,285,1179,1263,1160,6026,7461,9601
6974,240,246,853,257775,250794,243196,636,238,205,41,46,43,232,232,250,1258,1250,1138,5982,7434,9561
7005,259,260,894,257436,250816,243222,660,204,204,42,49,50,240,208,265,1190,1182,1161,5881,7393,9490
7036,249,227,887,257674,250844,243318,657,196,181,37,52,44,225,221,274,1159,1239,1153,5943,7353,9593
7067,274,262,940,257022,251975,244101,642,193,200,33,50,50,234,221,293,1220,1251,1143,6041,7471,9588
7098,250,263,887,257446,251268,243504,675,234,210,38,41,38,218,227,274,1164,1321,1178,6126,7483,9605
7129,258,301,876,256913,251465,243615,648,217,197,33,45,54,228,226,295,1124,1209,1150,6203,7467,9493
7160,253,261,915,257226,251798,245037,649,217,200,39,45,50,211,227,279,1210,1264,1216,6047,7527,9629
7191,250,236,934,258647,252303,244183,629,223,202,33,46,48,215,229,275,1200,1275,1177,6205,7402,9625
7222,255,275,867,259077,252691,244322,669,201,202,46,53,41,238,208,276,1182,1290,1182,6076,7527,9559
7253,266,238,900,258952,253477,244812,648,217,209,43,43,48,219,234,265,1152,1294,1186,6102,7609,9646
7284,252,263,909,259365,253194,245612,646,213,208,31,50,48,227,236,281,1198,1250,1143,6113,7632,9688
7315,247,234,927,258233,253522,245943,647,240,196,47,40,61,246,221,288,1177,1268,1183,6099,7602,9748
7346,241,268,903,259035,253810,245549,688,206,210,39,46,53,245,223,285,1226,1277,1204,6245,7564,9751
7377,250,238,891,259273,253875,245327,653,232,185,33,50,51,230,213,291,1180,1270,1247,6266,7612,9726
7408,246,232,936,260033,254768,245361,661,210,233,39,41,54,216,237,292,1211,1259,1151,6118,7544,9900
7439,251,247,900,260091,253749,245420,670,200,183,52,39,42,206,224,290,1226,1198,1165,6150,7733,9730
7470,251,261,933,260888,253462,246233,699,223,204,34,50,45,224,245,265,1182,1264,1225,6281,7635,9921
7501,247,260,967,259929,254322,246105,640,222,208,37,43,54,229,227,280,1250,1279,1164,6190,7607,9775
7532,276,252,932,260714,254333,246307,650,225,210,41,55,45,215,223,279,1175,1310,1196,6158,7693,9865
7563,240,270,928,260513,254170,246656,642,232,176,37,46,44,237,226,301,1153,1253,1202,6109,7694,9810
7594,278,263,943,260897,255045,246585,691,227,205,31,53,53,208,219,276,1285,1258,1214,6232,7560,9857
7625,245,257,940,261079,253680,247137,659,202,198,43,46,47,246,234,246,1217,1270,1157,6332,7804,9889
7656,260,262,936,260826,255289,246734,693,227,204,50,51,63,236,229,285,1226,1288,1209,6321,7742,9868
7687,291,249,962,261647,255088,247024,667,209,209,39,60,50,206,248,257,1182,1283,1192,6269,7705,10020
7718,242,268,949,262458,255421,246954,690,215,223,29,57,52,245,262,304,1169,1259,1209,6295,7645,10037
7749,280,270,940,261318,255492,246507,648,210,190,37,56,52,222,232,295,1232,1223,1187,6313,7630,9891
7780,248,273,915,260971,256161,247576,695,242,222,56,50,37,236,237,268,1237,1272,1260,6289,7802,9845
7811,273,253,945,262767,256016,247114,661,249,198,40,39,54,208,228,281,1259,1290,1206,6309,7952,9889
7842,246,282,886,263100,256201,247950,643,215,200,48,44,50,204,217,297,1281,1275,1212,6222,7721,10063
7873,274,232,892,262591,255550,248262,705,234,213,33,49,56,225,237,296,1257,1293,1170,6191,7843,10105
7904,266,244,937,261860,256553,247515,699,233,200,37,48,51,221,252,308,1228,1278,1182,6226,7647,9987
7935,253,256,896,262435,256150,248419,634,241,202,38,39,37,229,243,272,1241,1294,1239,6318,7710,9896
7966,255,272,936,262699,255668,248725,691,210,201,46,40,35,222,210,295,1233,1281,1148,6263,7681,10002
7997,244,272,926,262527,256794,247754,657,219,189,46,38,44,228,232,285,1208,1243,1163,6355,7875,9991
8028,243,278,933,262231,256780,248841,646,213,192,38,57,38,221,217,253,1213,1297,1154,6367,7837,10040
8059,268,231,943,263026,256580,247633,649,246,205,49,37,50,216,237,277,1228,1239,1150,6282,7989,10029
8090,253,260,916,263734,256914,248467,668,231,190,40,43,47,226,245,293,1223,1224,1179,6388,7857,9918
8121,234,249,884,263059,256961,248481,667,242,208,50,51,43,247,239,291,1186,1299,1189,6380,7851,10023
8152,273,242,917,262715,256970,248238,649,243,196,49,41,47,232,232,288,1237,1291,1226,6259,7896,10123
8183,252,230,948,263207,256415,248691,674,204,208,48,39,45,225,234,268,1268,1248,1271,6327,7927,10074
8214,263,278,912,263465,257411,248786,665,233,228,40,35,42,231,244,280,1228,1253,1191,6305,7770,10101
8245,249,240,883,263261,256677,247770,690,209,202,41,40,45,231,244,277,1226,1266,1215,6330,7891,10141
8276,259,256,945,263013,257563,248937,653,227,207,44,43,48,233,229,281,1232,1317,1204,6422,7918,10169
8307,265,246,921,263504,257769,248952,663,225,225,41,58,45,229,235,293,1245,1319,1243,6323,7764,10219
8338,259,249,925,264138,257514,248036,649,216,205,40,39,54,233,257,285,1277,1281,1172,6347,7868,10220
8369,251,261,939,263928,257824,248681,694,240,213,38,46,45,257,213,270,1236,1300,1203,6438,7972,10324
8400,257,271,949,263737,258755,249779,725,230,211,41,50,46,229,233,285,1272,1263,1150,6480,7935,10118
8431,261,276,903,263804,257706,249271,699,224,220,42,49,56,254,234,272,1222,1288,1198,6429,7923,10301
8462,284,259,946,264290,257836,249096,684,225,234,43,41,48,220,242,295,1253,1272,1142,6412,7935,10283
8493,261,225,897,263647,257682,248941,674,240,197,45,52,56,249,238,260,1279,1357,1186,6302,7843,10321
8524,261,255,933,264768,257603,249663,658,233,193,39,50,46,215,244,313,1241,1260,1211,6351,7908,10242
8555,234,238,921,263764,257961,249914,655,232,219,50,39,45,216,246,287,1218,1277,1241,6340,8092,10226
8586,263,239,968,264272,258108,249598,643,220,225,35,52,56,240,265,274,1243,1287,1260,6356,7859,10428
8617,257,246,949,263715,257153,249524,699,229,219,51,49,56,215,231,312,1238,1314,1210,6427,8040,10311
8648,247,230,909,264173,258399,249554,671,249,214,61,51,52,240,252,294,1233,1335,1226,6420,7924,10341
8679,267,238,936,264375,258555,249067,710,232,187,44,49,45,236,229,291,1270,1313,1162,6517,8054,10302
8710,230,251,925,264781,258142,248859,665,240,214,39,52,42,236,223,285,1237,1280,1249,6457,7980,10576
8741,248,253,919,265056,258729,249467,669,224,202,31,43,61,244,239,309,1246,1319,1207,6438,7933,10390
8772,237,255,921,265293,258008,250032,687,236,204,38,41,44,223,210,299,1208,1344,1217,6489,7937,10351
8803,247,258,914,264666,258388,250305,678,235,214,48,55,52,232,229,282,1264,1323,1203,6510,8103,10383
8834,244,259,934,265182,258937,250725,665,242,219,45,37,51,238,242,292,1178,1323,1215,6457,8111,10391
8865,244,240,885,264911,257766,251030,668,242,209,38,46,45,234,251,289,1243,1258,1212,6525,8013,10501
8896,252,253,930,264240,258087,250260,693,249,192,36,41,41,224,236,304,1237,1328,1169,6484,8058,10437
8927,242,244,928,265304,258985,249547,648,233,214,46,37,54,242,233,306,1251,1296,1215,6501,7962,10543
8958,277,247,968,265651,258735,251088,638,218,218,36,52,50,223,232,302,1219,1315,1173,6463,8021,10613
8989,251,264,921,264955,258814,251274,699,237,197,42,43,48,243,251,267,1253,1311,1204,6561,8054,10455
9020,250,268,940,264988,259122,250336,681,251,206,37,49,55,223,253,270,1246,1243,1215,6497,7975,10552
9051,265,239,958,265105,257763,250257,651,222,214,56,45,46,227,223,281,1217,1367,1175,6444,8110,10421
9082,279,246,922,265282,259304,250764,674,236,208,45,43,44,242,221,301,1287,1328,1239,6436,8016,10551
9113,274,265,982,265788,259416,250192,685,242,215,46,42,41,249,242,270,1240,1282,1232,6450,8124,10399
9144,257,252,863,265054,258315,250148,662,230,206,48,50,53,249,246,310,1199,1285,1221,6404,8131,10471
9175,256,263,893,264969,258018,250119,710,239,221,40,56,50,226,243,297,1230,1277,1233,6666,8206,10581
9206,259,253,991,265365,259269,249845,687,236,225,41,37,41,227,259,293,1293,1319,1287,6450,8114,10637
9237,242,256,913,265518,258583,249315,673,234,225,44,39,49,196,272,282,1289,1308,1249,6633,8115,10497
9268,301,264,921,265143,259110,250720,689,234,208,28,52,50,240,236,287,1296,1351,1225,6502,8015,10520
9299,256,259,913,265063,259434,250531,720,243,216,37,41,56,238,237,274,1256,1295,1229,6601,8084,10729
9330,263,260,965,265972,258832,250077,699,232,234,56,49,47,192,217,301,1225,1287,1286,6636,8191,10516
9361,272,255,896,265445,258544,250475,673,233,196,45,43,57,234,218,261,1190,1321,1220,6548,8142,10530
9392,238,235,961,265978,258475,250223,654,229,217,43,49,56,221,237,280,1258,1317,1199,6681,8206,10659
9423,250,255,959,265331,258330,250238,678,221,206,38,50,45,253,229,277,1202,1280,1208,6591,8070,10598
9454,249,263,966,265269,258714,250344,690,243,221,42,50,44,245,225,293,1279,1342,1251,6645,8104,10619
9485,252,264,905,265184,258312,250252,676,249,213,45,44,37,234,229,283,1221,1321,1226,6487,8257,10607
9516,273,258,899,265268,258969,250478,675,231,208,52,50,50,233,251,280,1274,1318,1156,6713,7996,10800
9547,249,263,938,265898,258673,250755,660,252,212,45,46,61,234,242,284,1283,1280,1234,6597,8251,10647
9578,264,276,993,265677,259498,250287,667,230,199,43,41,56,228,261,263,1236,1282,1218,6758,8182,10779
9609,272,274,932,265343,258718,250587,684,248,228,50,41,62,224,244,284,1243,1324,1236,6544,8094,10603
9640,268,265,932,264891,258368,250347,668,253,200,49,48,33,234,246,297,1222,1253,1268,6494,8176,10755
9671,248,274,951,265033,258836,249818,651,236,232,41,41,53,219,244,270,1247,1336,1256,6600,8321,10751
9702,261,260,910,264595,259872,249924,648,224,211,48,45,46,259,251,261,1234,1362,1199,6631,8203,10786
9733,251,268,929,264587,258771,250104,689,235,232,42,43,46,210,225,289,1222,1312,1184,6525,8234,10788
9764,250,249,927,265126,258891,250578,688,224,219,32,39,45,259,236,288,1196,1347,1197,6656,8217,10962
9795,255,272,918,265023,258930,250593,667,238,204,37,41,43,232,214,256,1237,1273,1192,6578,8147,10897
9826,280,265,1001,265439,258671,250546,655,228,225,43,42,50,215,235,289,1292,1275,1186,6645,8295,10906
9857,247,251,936,264748,258481,249616,681,261,229,50,50,48,221,230,288,1234,1340,1240,6524,8202,10879
9888,268,253,945,266003,258977,251017,687,236,198,35,45,51,246,220,276,1273,1321,1205,6611,8246,10802
9919,267,268,915,265377,258879,250954,682,232,236,43,53,44,229,249,269,1275,1329,1257,6698,8261,10917
9950,263,242,960,264603,258543,250113,650,253,219,48,47,55,239,225,289,1282,1296,1251,6630,8241,10914
9981,253,241,933,264663,258916,250249,647,236,214,29,43,58,238,252,268,1262,1296,1258,6712,8268,10850
10012,282,255,967,265615,258421,250010,678,272,215,35,39,50,242,242,282,1259,1297,1242,6701,8217,10771
10043,265,249,961,265175,258385,249869,663,261,207,37,36,41,223,227,288,1230,1302,1185,6691,8202,10760
10074,270,265,978,264942,258774,250825,686,254,224,27,41,53,237,267,301,1265,1357,1256,6582,8393,10722
10105,259,279,887,265514,258098,250181,717,241,218,41,50,54,249,248,297,1202,1355,1264,6686,8412,10816
10136,247,255,936,265829,258640,249859,700,237,188,39,41,53,238,251,274,1306,1342,1220,6709,8320,10822
10167,257,234,915,265288,258589,250094,676,251,216,39,50,54,239,250,274,1240,1339,1242,6595,8410,10892
10198,242,234,898,264503,258656,249529,700,228,228,40,48,39,236,239,288,1203,1342,1262,6751,8257,10940
10229,246,249,909,265140,258754,249905,686,235,227,56,54,50,213,234,292,1260,1376,1224,6757,8248,11124
10260,268,275,937,264586,257904,249931,650,225,210,50,43,45,238,246,288,1270,1279,1234,6745,8472,10841
10291,263,243,904,265387,258711,250397,700,237,212,43,59,48,237,234,263,1196,1313,1276,6743,8287,10932
10322,272,223,950,264944,258637,249725,705,253,218,48,52,47,244,242,273,1247,1330,1188,6717,8300,10960
10353,249,256,968,264752,257766,250021,674,238,231,36,47,43,240,263,276,1257,1283,1260,6857,8308,11017
10384,236,272,927,264133,257636,250301,687,257,218,33,58,48,249,232,276,1289,1319,1260,6798,8384,10896
10415,244,299,934,264652,258408,249981,686,236,213,41,41,52,242,250,287,1292,1292,1260,6706,8349,11102
10446,231,236,921,265194,257677,250330,690,234,222,37,52,53,236,242,282,1260,1316,1244,6721,8341,10964
10477,255,263,931,264820,258794,249983,687,256,213,37,50,49,232,259,287,1323,1348,1258,6745,8413,10976
10508,239,260,900,264972,257877,249712,692,232,213,48,36,59,237,262,290,1210,1357,1273,6768,8342,11075
10539,268,249,923,264147,257942,250099,691,225,223,42,55,63,245,234,272,1245,1342,1201,6817,8306,11102
10570,280,249,911,264841,257766,249961,693,249,229,42,38,53,258,247,297,1264,1333,1219,6840,8281,11026
10601,283,275,959,264853,257953,249525,658,241,223,39,45,45,261,262,278,1281,1319,1292,6830,8416,11081
10632,251,267,903,265403,257837,249740,684,249,230,33,52,48,233,239,272,1249,1321,1270,6856,8459,11039
10663,256,263,919,265040,258537,250212,667,259,230,49,48,45,237,268,273,1238,1290,1211,6738,8440,11058
10694,259,263,900,263968,258103,249311,686,251,215,43,52,41,237,246,260,1224,1337,1213,6694,8379,10974
10725,255,257,888,263839,257924,249467,667,257,214,40,59,54,224,243,274,1285,1315,1291,6730,8381,11085
10756,253,260,915,264280,258155,249211,679,232,221,43,41,51,220,259,282,1205,1344,1248,6768,8476,11197
10787,263,247,960,264900,257240,249617,672,253,226,43,46,51,236,246,287,1256,1318,1281,6717,8426,11026
